wkt_geom;id
LINESTRING(30.314234 59.971177, 30.318649 59.967648, 30.318649 59.967648);
